no,question,answer_choices,answer,response,result,response_with_cot,result_with_cot
問5,牛の創傷性心外膜炎と関連のある病変・病態として最も適当なのはどれか。,"１．心タンポナーデ
２．うっ血性心不全
３．心内膜の逆流性病変
４．虎斑心
５．真珠病",2,4.0,False,"創傷性心外膜炎は、心外膜の炎症を伴う病態であり、牛ではしばしば外傷や感染によって引き起こされます。それぞれの選択肢について考えてみましょう。

1. 心タンポナーデ - 心外膜炎が進行すると、心外膜腔に液体や炎症性の排出物が溜まり、心タンポナーデを引き起こす可能性があります。これは心臓が正常に拡張できなくなる状態で、急性の生命を脅かす状態です。

2. うっ血性心不全 - これは心外膜炎の直接的な結果ではありませんが、心外膜炎が心機能に影響を与える場合、うっ血性心不全が発生する可能性があります。

3. 心内膜の逆流性病変 - 心内膜炎は心外膜炎とは異なる病態であり、心内膜の炎症を指します。創傷性心外膜炎とは直接的な関連はありません。

4. 虎斑心 - これは心筋の病変であり、心外膜炎とは直接的な関連はありません。

5. 真珠病 - これは結核に関連する病態であり、創傷性心外膜炎とは異なります。

創傷性心外膜炎と最も関連が深いのは、心外膜腔に液体が溜まり、心タンポナーデを引き起こす可能性があるため、選択肢1の心タンポナーデです。

答えは1です。",False
問6,マレック病に関する記述として適当なのはどれか。,"a  末梢神経線維の腫脹がみられる。
b  B リンパ球由来のリンパ腫である。
c  大型リンパ球の均一な腫瘍性増殖がみられる。
d  ファブリキウス囊において腫瘍細胞はリンパ濾胞内に増殖する。
e  原因ウイルスの封入体は羽包上皮細胞核内に出現する。
１．a,  b　　　２．a,  e　　　３．b,  c　　　４．c,  d　　　５．d,  e
2",2,3.0,False,"マレック病は、鶏に感染するヘルペスウイルスであるマレック病ウイルスによって引き起こされる病気です。それぞれの選択肢について検討しましょう。

a. 末梢神経線維の腫脹がみられる。 - これはマレック病の特徴的な症状であり、正しいです。

b. B リンパ球由来のリンパ腫である。 - マレック病はTリンパ球由来のリンパ腫を引き起こすため、この記述は誤りです。

c. 大型リンパ球の均一な腫瘍性増殖がみられる。 - マレック病では、異型リンパ球の増殖が見られることがありますが、必ずしも「大型リンパ球の均一な腫瘍性増殖」とは限りません。

d. ファブリキウス囊において腫瘍細胞はリンパ濾胞内に増殖する。 - マレック病では、ファブリキウス囊において腫瘍細胞が増殖することがありますが、必ずしもリンパ濾胞内に限定されるわけではありません。

e. 原因ウイルスの封入体は羽包上皮細胞核内に出現する。 - マレック病ウイルスの封入体は、感染した細胞の核内に見られることがありますが、特に羽包上皮細胞に限定されるわけではありません。

したがって、適切な記述は「a. 末梢神経線維の腫脹がみられる。」と「e. 原因ウイルスの封入体は羽包上皮細胞核内に出現する。」です。

答えは2です。",True
問8,兎出血病に関する記述として正しいのはどれか。,"１．病原体はフラビウイルス科に属する。
２．感染経路は節足動物による生物学的伝播である。
３．主に 2 か月齢未満のウサギが発症する。
４．「家畜伝染病予防法」における家畜伝染病に指定されている。
５．我が国では 1994 年以降散発的に発生している。",5,4.0,False,"兎出血病（Rabbit Hemorrhagic Disease, RHD）に関する記述を検討しましょう。

１．病原体はフラビウイルス科に属する。→これは誤りです。兎出血病の病原体はカリシウイルス科に属するRHDウイルスです。

２．感染経路は節足動物による生物学的伝播である。→これも誤りです。兎出血病は直接接触や感染したウサギの排泄物、汚染された飼料や水、または人間の介在によって間接的に伝播します。節足動物による生物学的伝播は主な感染経路ではありません。

３．主に 2 か月齢未満のウサギが発症する。→これは誤りです。兎出血病は主に成熟したウサギに影響を与え、2か月齢未満の幼いウサギは病気に対して自然な免疫を持っていることが多いです。

４．「家畜伝染病予防法」における家畜伝染病に指定されている。→これは正しいです。兎出血病は日本の「家畜伝染病予防法」において指定伝染病に分類されています。

５．我が国では 1994 年以降散発的に発生している。→これは誤りです。兎出血病は1988年に中国で初めて報告された後、世界中で発生していますが、日本では1994年以降、定期的な発生が報告されているわけではありません。

したがって、正しい記述は４番、「「家畜伝染病予防法」における家畜伝染病に指定されている。」です。

答えは４です。",False
問9,クラミジアによる疾患はどれか。,"a  牛肺疫
b  Q 熱
c  オウム病
d  流行性羊流産
e  仮性皮疽
１．a,  b　　　２．a,  e　　　３．b,  c　　　４．c,  d　　　５．d,  e
3",4,3.0,False,"クラミジアは、クラミジア属に属する細菌によって引き起こされる疾患の一群です。それぞれの選択肢が指す病気がクラミジアに関連しているかどうかを検討します。

a. 牛肺疫 - これはクラミジアによる疾患ではありません。牛肺疫はウイルスによって引き起こされる病気です。

b. Q熱 - これはクラミジアによる疾患です。Q熱はクラミジア・バーネティ（Coxiella burnetii）によって引き起こされますが、厳密にはクラミジア属ではなく、クラミジア様細菌に分類されます。

c. オウム病 - これもクラミジアによる疾患です。オウム病（鳥類クラミジア症）はクラミジア・プシッタシ（Chlamydia psittaci）によって引き起こされます。

d. 流行性羊流産 - これはクラミジアによる疾患です。流行性羊流産はクラミジア・アビオーティカ（Chlamydia abortus）によって引き起こされます。

e. 仮性皮疽 - これはクラミジアによる疾患ではありません。仮性皮疽はバシラス属の細菌によって引き起こされる病気です。

したがって、クラミジアによる疾患は「b. Q熱」と「c. オウム病」および「d. 流行性羊流産」です。しかし、選択肢の中で正しい組み合わせを選ぶと、Q熱がクラミジア様細菌によるものであることを考慮すると、最も適切なのは「c. オウム病」と「d. 流行性羊流産」を含む選択肢です。

答えは４です。",True
問10,トリ白血病・肉腫（鶏白血病）に関する記述として適切なのはどれか。,"１．病原ウイルスは血清学的に単一である。
２．垂直感染しない。
３．増殖欠損型ウイルスは宿主がん遺伝子由来のがん遺伝子を持つ。
４．増殖非欠損型ウイルスは腫瘍を起こさない。
５．ワクチンを用いた予防が行われている。",3,5.0,False,"それぞれの選択肢について検討してみましょう。

1. 病原ウイルスは血清学的に単一である。 - これは誤りです。鶏白血病ウイルスには複数の血清型が存在します。

2. 垂直感染しない。 - これも誤りです。鶏白血病ウイルスは垂直感染（親鳥から卵を介して雛に感染）することが知られています。

3. 増殖欠損型ウイルスは宿主がん遺伝子由来のがん遺伝子を持つ。 - これは正しいです。増殖欠損型ウイルスは、宿主の細胞から取り込んだがん遺伝子（oncogene）を持ち、それによって腫瘍を形成します。

4. 増殖非欠損型ウイルスは腫瘍を起こさない。 - これは誤りです。増殖非欠損型ウイルスも腫瘍を引き起こすことがあります。

5. ワクチンを用いた予防が行われている。 - これは正しいです。鶏白血病に対するワクチンが存在し、予防策として使用されています。

したがって、適切な記述は「3. 増殖欠損型ウイルスは宿主がん遺伝子由来のがん遺伝子を持つ。」および「5. ワクチンを用いた予防が行われている。」です。

答えは3と5です。",False
問11,衛星現象を示す病原体による疾患はどれか。,"a  グレーサー病
b  伝染性コリーザ
c  腺疫
d  牛の出血性敗血症
e  ライム病
１．a,  b　　　２．a,  e　　　３．b,  c　　　４．c,  d　　　５．d,  e",1,3.0,False,"衛星現象は、一部の細菌が成長する際に、他の細菌が産生する特定の成長因子（例えばヘミンやNAD因子）を利用する現象です。この現象は、ヘモフィルス属の細菌によく見られます。選択肢の中で、ヘモフィルス属に関連する病気は以下の通りです。

a. グレーサー病 - これはヘモフィルス・パラスイスによって引き起こされる豚の疾患であり、衛星現象を示すことがあります。
b. 伝染性コリーザ - これは鶏に影響を与える病気で、ヘモフィルス・パラガリナルムによって引き起こされますが、衛星現象については一般的に言及されません。
c. 腺疫 - これはヘモフィルス・インフルエンザによって引き起こされる病気で、衛星現象を示すことが知られています。
d. 牛の出血性敗血症 - これはヘモフィルス属の細菌によるものではなく、衛星現象とは関連していません。
e. ライム病 - これはボレリア属の細菌によって引き起こされる病気で、衛星現象とは関連していません。

したがって、衛星現象を示す病原体による疾患はグレーサー病（a）と腺疫（c）です。

答えは４．c, dです。",False
問12,レオウイルス科のウイルスによる感染症はどれか。,"a  アフリカ馬疫
b  馬伝染性貧血
c  悪性カタル熱
d  ボーダー病
e  ロタウイルス病
１．a,  b　　　２．a,  e　　　３．b,  c　　　４．c,  d　　　５．d,  e
4",2,4.0,False,"レオウイルス科（Reoviridae）に属するウイルスによる感染症を特定するために、それぞれの選択肢を見てみましょう。

a. アフリカ馬疫 - これはアスファウイルス科に属するウイルスによる感染症です。
b. 馬伝染性貧血 - これはレトロウイルス科に属するウイルスによる感染症です。
c. 悪性カタル熱 - これはヘルペスウイルス科に属するウイルスによる感染症です。
d. ボーダー病 - これはフラビウイルス科に属するウイルスによる感染症です。
e. ロタウイルス病 - これはレオウイルス科に属するウイルスによる感染症です。

レオウイルス科に属するウイルスによる感染症は「e. ロタウイルス病」です。したがって、選択肢の中でレオウイルス科のウイルスによる感染症はeのみです。

答えは2. a, eです。",True
問16,ウサギのエンセファリトゾーン症またはその病原体に関する記述として適切なのはどれか。,"１．犬にも感染する。
２．主症状は水様下痢である。
３．栄養型虫体は鞭毛をもつ。
４．大部分が顕性感染である。
５．胞子が感染動物の糞便中に排出される。",1,5.0,False,"ウサギのエンセファリトゾーン症は、エンセファリトゾーン・カニクリの原虫によって引き起こされる疾患です。それぞれの選択肢を検討しましょう。

1. 犬にも感染する。 - これは誤りです。エンセファリトゾーン症はウサギ特有の疾患であり、犬に感染することは一般的ではありません。

2. 主症状は水様下痢である。 - これは誤りです。エンセファリトゾーン症の主症状は神経系の障害であり、下痢は主症状ではありません。

3. 栄養型虫体は鞭毛をもつ。 - これは誤りです。エンセファリトゾーン・カニクリは鞭毛を持たない原虫です。

4. 大部分が顕性感染である。 - これは誤りです。エンセファリトゾーン症は多くの場合、無症状の潜在感染であり、顕性感染は比較的まれです。

5. 胞子が感染動物の糞便中に排出される。 - これは正しいです。エンセファリトゾーン・カニクリは胞子形成原虫であり、感染したウサギは胞子を糞便中に排出し、これが他のウサギへの感染源となります。

したがって、適切な記述は5番「胞子が感染動物の糞便中に排出される」です。

答えは5です。",False
問34,肥育中期から後期の肉牛におけるビタミン A 欠乏によって現れやすい疾患はどれか。,"a  夜盲症
b  くる病
c  白筋症
d  くわず病
e  尿石症
１．a,  b　　　２．a,  e　　　３．b,  c　　　４．c,  d　　　５．d,  e",2,1.0,False,"ビタミンAは視覚の正常な機能に必要な栄養素であり、特に暗い環境での視力、すなわち暗順応に関与しています。ビタミンAが不足すると、夜盲症（暗所視覚障害）が起こりやすくなります。これは、網膜の光受容体であるロドプシンの合成にビタミンAが必要であるためです。

くる病はビタミンDの欠乏によって起こる疾患であり、骨の形成障害を引き起こします。白筋症はセレンやビタミンEの欠乏に関連しており、筋肉の障害が特徴です。くわず病はビタミンB1（チアミン）の欠乏によるもので、神経系の障害を引き起こします。尿石症は、食事のミネラルバランスの乱れによって起こる可能性がありますが、ビタミンAの欠乏とは直接的な関連はありません。

したがって、ビタミンA欠乏によって現れやすい疾患は夜盲症です。

答えは２．a, eです。",True
問36,エンベロープを持たないウイルスに有効な消毒薬はどれか。,"１．クロルヘキシジン
２．ホルムアルデヒド
３．クレゾール石鹸
４．両性界面活性剤
５．第 4 級アンモニウム塩
12",2,5.0,False,"ウイルスにはエンベロープを持つものと持たないものがあります。エンベロープを持たないウイルスは、一般的にエンベロープを持つウイルスよりも環境に対する耐性が高いとされています。消毒薬の選択肢を見てみましょう。

1. クロルヘキシジン - これは主に細菌に対して効果的な消毒剤であり、エンベロープを持たないウイルスにはそれほど効果的ではない可能性があります。

2. ホルムアルデヒド - これは強力な消毒剤であり、エンベロープを持つウイルスだけでなく、エンベロープを持たないウイルスにも効果的です。

3. クレゾール石鹸 - これは一般的な消毒剤であり、ウイルスに対してある程度の効果がありますが、エンベロープを持たないウイルスに対する効果は限定的かもしれません。

4. 両性界面活性剤 - これは細菌やウイルスの細胞膜を破壊することで作用するため、エンベロープを持たないウイルスにはそれほど効果的ではない可能性があります。

5. 第4級アンモニウム塩 - これは一般的な消毒剤であり、エンベロープを持つウイルスには効果的ですが、エンベロープを持たないウイルスに対しては効果が低いことが知られています。

したがって、エンベロープを持たないウイルスに有効な消毒薬は「2. ホルムアルデヒド」です。

答えは2です。",True
問39,犬で高カルシウム血症の原因となる疾患はどれか。,"a  甲状腺機能低下症
b  ビタミン A 中毒
c  上皮小体機能亢進症
d  副腎皮質機能低下症
e  慢性肝炎
１．a,  b　　　２．a,  e　　　３．b,  c　　　４．c,  d　　　５．d,  e
13",4,3.0,False,"Let's evaluate each condition one by one:

a. 甲状腺機能低下症 (Hypothyroidism) - Hypothyroidism typically does not cause hypercalcemia. It is more commonly associated with metabolic changes that can include alterations in lipid metabolism and weight gain.

b. ビタミン A 中毒 (Vitamin A toxicity) - Vitamin A toxicity can cause a range of symptoms due to its effects on bone metabolism, but it is not a common cause of hypercalcemia in dogs.

c. 上皮小体機能亢進症 (Hyperparathyroidism) - Hyperparathyroidism, which involves an overproduction of parathyroid hormone, is a well-known cause of hypercalcemia. The parathyroid hormone increases calcium levels in the blood by promoting calcium release from bones, increasing calcium absorption in the intestines, and reducing calcium excretion in the kidneys.

d. 副腎皮質機能低下症 (Hypoadrenocorticism, also known as Addison's disease) - Hypoadrenocorticism is characterized by a deficiency in adrenal cortex hormones, including cortisol and aldosterone. It typically leads to hyponatremia and hyperkalemia, not hypercalcemia.

e. 慢性肝炎 (Chronic hepatitis) - Chronic hepatitis can lead to a variety of liver-related issues, but it is not a common cause of hypercalcemia.

Based on this information, the condition that is known to cause hypercalcemia in dogs is:

c. 上皮小体機能亢進症 (Hyperparathyroidism)

Therefore, the answer is 4. c, d (上皮小体機能亢進症 and 副腎皮質機能低下症), even though d is not typically associated with hypercalcemia, it is paired with c in the options provided.",True
問40,免疫介在性溶血性貧血を示唆する検査所見はどれか。,"a  ハインツ小体
b  有棘赤血球
c  標的赤血球
d  球状赤血球
e  赤血球凝集
１．a,  b　　　２．a,  e　　　３．b,  c　　　４．c,  d　　　５．d,  e",5,2.0,False,"免疫介在性溶血性貧血（immune-mediated hemolytic anemia, IMHA）は、体の免疫系が誤って自身の赤血球を攻撃し、破壊する状態です。この病態に関連する検査所見を見てみましょう。

a. ハインツ小体 - これは酸化ストレスによって変性したヘモグロビンが赤血球内に形成される小体であり、特に免疫介在性溶血性貧血の診断には直接関連していません。

b. 有棘赤血球（エキノサイト） - これは赤血球の表面に棘のような突起が見られるもので、特定の溶血性貧血で見られることがありますが、免疫介在性溶血性貧血を示唆する特異的な所見ではありません。

c. 標的赤血球（ターゲットセル） - これは赤血球が標的のような外観を呈するもので、肝疾患やヘモグロビン病などで見られることがありますが、免疫介在性溶血性貧血の特異的な所見ではありません。

d. 球状赤血球（スフェロサイト） - これは赤血球が球状になるもので、免疫介在性溶血性貧血で見られる典型的な所見です。スフェロサイトは、赤血球表面の膜が部分的に失われた結果として形成されます。

e. 赤血球凝集 - これは赤血球が互いにくっついて塊を形成する現象で、抗体が赤血球表面に結合している場合に見られることがあります。免疫介在性溶血性貧血では、赤血球に対する自己抗体の存在が凝集を引き起こすことがあります。

したがって、免疫介在性溶血性貧血を示唆する検査所見はdの球状赤血球とeの赤血球凝集です。

答えは5です。",True
問53,牛の多発性肝膿瘍の原因となる疾患・病態はどれか。,"a  第一胃鼓脹症
b  亜急性第一胃アシドーシス
c  臍帯炎
d  第三胃食滞
e  第四胃捻転
１．a,  b　　　２．a,  e　　　３．b,  c　　　４．c,  d　　　５．d,  e",3,1.0,False,"牛の多発性肝膿瘍は、主に消化管からの細菌の移行によって引き起こされることが多いです。以下の選択肢を検討しましょう。

a. 第一胃鼓脹症 (Ruminal tympany)
   - 第一胃鼓脹症は、第一胃内のガスが過剰に蓄積する状態であり、消化管の機能障害を引き起こす可能性があります。これにより、細菌が血流に入り込み、肝臓に膿瘍を形成するリスクが高まる可能性があります。

b. 亜急性第一胃アシドーシス (Subacute ruminal acidosis, SARA)
   - 亜急性第一胃アシドーシスは、第一胃のpHが低下する状態で、これにより第一胃の粘膜が損傷し、細菌が血流に侵入しやすくなる可能性があります。これも肝膿瘍の原因となり得ます。

c. 臍帯炎 (Omphalitis)
   - 臍帯炎は新生仔牛に見られる病態で、感染が血流を介して肝臓に達することで肝膿瘍を引き起こす可能性があります。

d. 第三胃食滞 (Atony of the omasum)
   - 第三胃食滞は、第三胃の動きが鈍くなることで食物が停滞する状態ですが、これが直接多発性肝膿瘍の原因となるかは明確ではありません。

e. 第四胃捻転 (Abomasal volvulus)
   - 第四胃捻転は、第四胃が捻転することで血流が阻害される緊急を要する状態ですが、これが直接肝膿瘍を引き起こすかは不明です。

選択肢の中で、消化管の障害が細菌の血流への侵入を促し、結果として肝膿瘍を引き起こす可能性が最も高いのは、第一胃鼓脹症と亜急性第一胃アシドーシスです。

したがって、答えは１．a, bです。",False
問55,馬の疝痛の原因となりうる寄生虫はどれか。,"a  単包条虫
b  指状糸状虫
c  普通円虫
d  馬回虫
e  馬肺虫
１．a,  b　　　２．a,  e　　　３．b,  c　　　４．c,  d　　　５．d,  e",4,5.0,False,"馬の疝痛（コリック）は、腹部の痛みを伴う症状であり、多くの原因がありますが、寄生虫感染が一因となることがあります。以下の寄生虫を考慮して、馬の疝痛の原因となり得るものを選びます。

a. 単包条虫 - 馬の疝痛の原因となることがあります。単包条虫は、特に小腸の終端近くで問題を引き起こすことが知られています。

b. 指状糸状虫 - これは馬の疝痛の原因となることがあります。指状糸状虫は、馬の腸管に寄生し、炎症や腸の閉塞を引き起こすことがあります。

c. 普通円虫 - これは主に若い馬に影響を与える寄生虫であり、疝痛の原因となることがあります。

d. 馬回虫 - これも馬の疝痛の原因となることがあります。馬回虫は特に若い馬に影響を与え、腸の閉塞を引き起こすことがあります。

e. 馬肺虫 - これは馬の肺に寄生する寄生虫であり、疝痛よりも呼吸器系の問題を引き起こすことが一般的です。

したがって、馬の疝痛の原因となりうる寄生虫は、単包条虫（a）、指状糸状虫（b）、普通円虫（c）、馬回虫（d）です。馬肺虫（e）は疝痛の直接的な原因ではないため、選択肢から除外されます。

答えは「１．a, b」です。",False
問56,子牛の中耳炎に関する記述として適当なのはどれか。,"ａ　肺炎を併発することが多い。
ｂ　血液検査では好中球が増加する。
ｃ　主な原因菌は Trueperella pyogenes である。
ｄ　初期徴候として旋回運動と眼球振盪が特徴である。
ｅ　ワクチンにより予防できる。
１．a,  b　　　２．a,  e　　　３．b,  c　　　４．c,  d　　　５．d,  e",1,4.0,False,"Let's evaluate each statement:

a. 肺炎を併発することが多い。 (Pneumonia often occurs concurrently.)
   - While middle ear infections can be associated with respiratory infections, it is not necessarily true that pneumonia often occurs concurrently with otitis media in calves.

b. 血液検査では好中球が増加する。 (Neutrophils increase in blood tests.)
   - Otitis media is an infection and can lead to an increase in neutrophils as part of the inflammatory response. This statement is likely correct.

c. 主な原因菌は Trueperella pyogenes である。 (The main causative agent is Trueperella pyogenes.)
   - Trueperella pyogenes can be a causative agent of otitis media in calves, but it is not the only one. Other bacteria can also cause this condition. However, this statement is generally correct.

d. 初期徴候として旋回運動と眼球振盪が特徴である。 (Characteristic initial signs include circling movements and nystagmus.)
   - These are neurological signs that can be associated with otitis media if the infection spreads to the inner ear or affects the vestibular system. This statement is correct.

e. ワクチンにより予防できる。 (It can be prevented by vaccination.)
   - There is no widely used vaccine for preventing otitis media in calves. This statement is incorrect.

Based on the above analysis, the appropriate descriptions for calf otitis media are:

b. 血液検査では好中球が増加する。 (Neutrophils increase in blood tests.)
c. 主な原因菌は Trueperella pyogenes である。 (The main causative agent is Trueperella pyogenes.)
d. 初期徴候として旋回運動と眼球振盪が特徴である。 (Characteristic initial signs include circling movements and nystagmus.)

The answer that includes b, c, and d is not listed as an option, but since b and c are correct and closely related to the cause and response to the infection, and d is a characteristic sign, the best available answer from the given options would be:

4. c, d

Therefore, the answer is 4.",False
問57,腹部 X 線検査でコントラストが低下する原因はどれか。,"a  幼若
b  腹膜炎
c  肥満
d  脱水
e  腹腔内の遊離ガス
１．a,  b　　　２．a,  e　　　３．b,  c　　　４．c,  d　　　５．d,  e
19",1,4.0,False,"腹部X線検査においてコントラストが低下する原因を考える際、コントラストとは組織間のX線の吸収度の違いを指します。コントラストが低下するとは、組織間の区別がつきにくくなることを意味します。

a. 幼若 - 幼い動物では脂肪や筋肉の量が少ないため、コントラストが低下する可能性があります。
b. 腹膜炎 - 腹膜炎は腹腔内に炎症を引き起こし、液体の蓄積をもたらすことがあります。液体はX線をあまり吸収しないため、コントラストが低下する可能性があります。
c. 肥満 - 肥満の動物は脂肪組織が多く、脂肪はX線をあまり吸収しないため、コントラストが低下する可能性があります。
d. 脱水 - 脱水状態では体液が減少しているため、組織間のコントラストが高まる可能性があります。したがって、脱水がコントラスト低下の原因とは考えにくいです。
e. 腹腔内の遊離ガス - 腹腔内にガスが存在すると、ガスはX線をほとんど吸収しないため、コントラストが低下します。

以上の情報を踏まえると、コントラストが低下する原因として適切なのは「a. 幼若」と「b. 腹膜炎」です。肥満もコントラスト低下の原因になり得ますが、脱水はコントラストを高める方向に働くため、選択肢の中で最も適切な組み合わせは「１．a, b」です。

答えは１です。"
問68,犬の肺葉捻転に関する記述として誤っているのはどれか。,"１．開胸下で捻転肺葉を整復することで治療する。
２．開胸手術後に発生することがある。
３．右肺後葉での発生はまれである。
４．胸水貯留を伴うことが多い。
５．パグに好発する。",1,3.0,False,"犬の肺葉捻転に関する記述を検討しましょう。

１．開胸下で捻転肺葉を整復することで治療する。→これは正しい。肺葉捻転の治療には、捻転した肺葉を整復する手術が行われることがあります。

２．開胸手術後に発生することがある。→これも正しい。肺葉捻転は開胸手術後に合併症として発生することがあります。

３．右肺後葉での発生はまれである。→これは誤りです。肺葉捻転は右肺後葉でよく発生するとされています。

４．胸水貯留を伴うことが多い。→これは正しい。肺葉捻転は胸水の貯留を伴うことがあります。

５．パグに好発する。→これも正しい。特定の犬種、特にパグなどの短頭種で肺葉捻転が好発することが知られています。

したがって、誤っている記述は３．「右肺後葉での発生はまれである。」です。

答えは３です。",False
問75,実験動物の形態学的特徴に関する記述として正しいのはどれか。,"a  マウスは双角子宮を持つ。
b  モルモットは胆囊を欠く。
c  シリアンハムスターの乳頭は 1 対である。
d  マウスは凝固腺を持つ。
e  ラットの胃には無腺部（前胃）がある。
１．a,  b　　　２．a,  e　　　３．b,  c　　　４．c,  d　　　５．d,  e
25",5,2.0,False,"Let's evaluate each statement:

a. マウスは双角子宮を持つ。 (Mice have a bicornuate uterus.)
   - This is correct. Mice, like many other rodents, have a bicornuate uterus, which means it has two distinct uterine horns.

b. モルモットは胆囊を欠く。 (Guinea pigs lack a gallbladder.)
   - This is also correct. Guinea pigs are one of the few mammals that do not have a gallbladder.

c. シリアンハムスターの乳頭は 1 対である。 (Syrian hamsters have one pair of nipples.)
   - This is incorrect. Syrian hamsters typically have more than one pair of nipples.

d. マウスは凝固腺を持つ。 (Mice have a coagulating gland.)
   - This is correct. The coagulating gland, also known as the anterior prostate, is part of the male reproductive system in mice.

e. ラットの胃には無腺部（前胃）がある。 (Rats have a non-glandular part (forestomach) in their stomach.)
   - This is correct. Rats have a stomach that is divided into a non-glandular forestomach and a glandular stomach.

Given the above evaluations, the correct statements are a, b, d, and e. The combination that includes all of these correct statements is not present in the options provided. However, the closest correct combination according to the options would be:

2. a, e

Therefore, the answer is 2.",False
問77,魚類のウイルス性疾患と特徴的な組織学的病変の組合せとして適当なのはどれか。,"疾患　　　　　　　　　　　 　組織学的病変
１．ギンザケの赤血球封入体症候群 ――― 鰓弁の癒合・棍棒化
２．ヒラメのリンホシスチス病 ――――― 口部周辺に基底細胞腫が出現
３．ニジマスの伝染性造血器壊死症 ――― 膵臓組織の壊死
４．マダイのイリドウイルス病 ――――― 異形肥大細胞の出現
５．ブリのウイルス性腹水症 ―――――― 神経細胞の空胞変性",4,3.0,False,"それぞれの魚類のウイルス性疾患と特徴的な組織学的病変を見てみましょう。

1. ギンザケの赤血球封入体症候群 ――― 鰓弁の癒合・棍棒化
ギンザケの赤血球封入体症候群は、赤血球に封入体が見られることが特徴です。鰓弁の癒合・棍棒化はこの病気の特徴的な病変ではありません。

2. ヒラメのリンホシスチス病 ――――― 口部周辺に基底細胞腫が出現
リンホシスチス病は、皮膚や鰓に白い結節が形成されることが特徴ですが、これはウイルス性ではなく原虫による感染症です。したがって、この組み合わせは不適切です。

3. ニジマスの伝染性造血器壊死症 ――― 膵臓組織の壊死
伝染性造血器壊死症は、造血器官（脾臓や腎臓）の壊死が特徴的な病変です。膵臓組織の壊死はこの病気の特徴的な病変ではありません。

4. マダイのイリドウイルス病 ――――― 異形肥大細胞の出現
マダイのイリドウイルス病は、異形肥大細胞の出現が特徴的な病変です。この組み合わせは適切です。

5. ブリのウイルス性腹水症 ―――――― 神経細胞の空胞変性
ウイルス性腹水症は、腹水の蓄積が特徴的ですが、神経細胞の空胞変性はこの病気の特徴的な病変ではありません。

したがって、適切な組み合わせは「4. マダイのイリドウイルス病 ――――― 異形肥大細胞の出現」です。

答えは4です。",True
問78,魚類の類結節症に関する記述として適切なのはどれか。,"a  原因菌はグラム陽性である。
b  水温 30 ℃以上の高水温期に多発する。
c  治療にはプラジクアンテルが認可されている。
d  腎臓や脾臓に多数の小白点が形成される。
e  水産用ワクチンが市販されている。
１．a,  b　　　２．a,  e　　　３．b,  c　　　４．c,  d　　　５．d,  e
26",5,4.0,False,"類結節症（Nodavirus infection）は、魚類に影響を与える病気で、特に稚魚や仔魚に見られます。それぞれの選択肢を検討しましょう。

a. 原因菌はグラム陽性である。 - これは誤りです。類結節症はウイルス性の疾患であり、ノーダウイルス（Nodavirus）によって引き起こされます。したがって、グラム陽性菌は関係ありません。

b. 水温 30 ℃以上の高水温期に多発する。 - これは誤りです。類結節症は特に低水温期に多発するとされています。

c. 治療にはプラジクアンテルが認可されている。 - これは誤りです。プラジクアンテルは寄生虫感染症の治療に用いられる薬剤であり、ウイルス性の類結節症には効果がありません。

d. 腎臓や脾臓に多数の小白点が形成される。 - これは正しいです。類結節症では、腎臓や脾臓などの内臓に白い小さな結節が形成されることが特徴的です。

e. 水産用ワクチンが市販されている。 - これは誤りです。類結節症に対するワクチンは、2023年時点で広く市販されているものはありません。

したがって、適切な記述は「d. 腎臓や脾臓に多数の小白点が形成される。」です。

答えは5です。",True
